"Nom	";Prénom;Email
Lenoir;Quentin;quentinlenoir99@yahoo.fr
Leger;Charlie;charlie.leger@etu.unilim.fr
Vidoni;Lara;vidoni.Lara@hotmail.fr
Liboutet;Nathan;liboutet.Nathan@gmail.com
Lorthioir;Jérémy;lorthioir.jeremy@etu.unilim.fr
Weasley;Ron;ron.weasley@poudlard.com
Granger;Hermione;hermione.granger@poudlard.com
